[
  {
    "class": "expressions.Sum",
    "instance": {
      "left": {
        "class": "expressions.Const",
        "instance": {
          "value": 3
        }
      },
      "right": {
        "class": "expressions.Prod",
        "instance": {
          "left": {
            "class": "expressions.Const",
            "instance": {
              "value": 4
            }
          },
          "right": {
            "class": "expressions.Sum",
            "instance": {
              "left": {
                "class": "expressions.Const",
                "instance": {
                  "value": 5
                }
              },
              "right": {
                "class": "expressions.Const",
                "instance": {
                  "value": 6
                }
              }
            }
          }
        }
      }
    }
  },
  {
    "class": "expressions.Prod",
    "instance": {
      "left": {
        "class": "expressions.Sum",
        "instance": {
          "left": {
            "class": "expressions.Const",
            "instance": {
              "value": 4
            }
          },
          "right": {
            "class": "expressions.Sum",
            "instance": {
              "left": {
                "class": "expressions.Const",
                "instance": {
                  "value": 5
                }
              },
              "right": {
                "class": "expressions.Const",
                "instance": {
                  "value": 6
                }
              }
            }
          }
        }
      },
      "right": {
        "class": "expressions.Const",
        "instance": {
          "value": 7
        }
      }
    }
  }
]