{
	"info": {
		"_postman_id": "1893af61-15ee-4566-8056-7370eede6f15",
		"name": "demoRest",
		"schema": "https://schema.getpostman.com/json/collection/v2.1.0/collection.json"
	},
	"item": [
		{
			"name": "Get all products",
			"request": {
				"method": "GET",
				"header": [],
				"url": {
					"raw": "http://localhost:8080/products",
					"protocol": "http",
					"host": [
						"localhost"
					],
					"port": "8080",
					"path": [
						"products"
					]
				}
			},
			"response": []
		},
		{
			"name": "Get product by id",
			"request": {
				"method": "GET",
				"header": []
			},
			"response": []
		},
		{
			"name": "Add product",
			"request": {
				"method": "POST",
				"header": [],
				"body": {
					"mode": "raw",
					"raw": "{\r\n    \"id\": 110,\r\n    \"pname\": \"Microwave Oven\",\r\n    \"price\": 300.0\r\n}",
					"options": {
						"raw": {
							"language": "json"
						}
					}
				},
				"url": {
					"raw": "http://localhost:8080/products",
					"protocol": "http",
					"host": [
						"localhost"
					],
					"port": "8080",
					"path": [
						"products"
					]
				}
			},
			"response": []
		},
		{
			"name": "Update product",
			"request": {
				"method": "PUT",
				"header": [],
				"body": {
					"mode": "raw",
					"raw": "{\r\n    \"id\": 110,\r\n    \"pname\": \"Microwave Oven\",\r\n    \"price\": 300.0\r\n}",
					"options": {
						"raw": {
							"language": "json"
						}
					}
				},
				"url": {
					"raw": "http://localhost:8080/products/:id",
					"protocol": "http",
					"host": [
						"localhost"
					],
					"port": "8080",
					"path": [
						"products",
						":id"
					],
					"variable": [
						{
							"key": "id",
							"value": "100"
						}
					]
				}
			},
			"response": []
		},
		{
			"name": "Delete product",
			"request": {
				"method": "DELETE",
				"header": [],
				"url": {
					"raw": "http://localhost:8080/products/:id",
					"protocol": "http",
					"host": [
						"localhost"
					],
					"port": "8080",
					"path": [
						"products",
						":id"
					],
					"variable": [
						{
							"key": "id",
							"value": "100"
						}
					]
				}
			},
			"response": []
		}
	]
}