{
  "width": 8,
  "height": 8,
  "spaces": [
    {
      "walls": [
        "SOUTH"
      ],
      "actions": [
        {
          "CLASSNAME": "dk.dtu.compute.se.pisd.roborally.controller.ConveyorBelt",
          "INSTANCE": {
            "heading": "WEST"
          }
        }
      ],
      "x": 0,
      "y": 0
    },
    {
      "walls": [
        "NORTH"
      ],
      "actions": [
        {
          "CLASSNAME": "dk.dtu.compute.se.pisd.roborally.controller.ConveyorBelt",
          "INSTANCE": {
            "heading": "WEST"
          }
        }
      ],
      "x": 1,
      "y": 0
    },
    {
      "walls": [
        "WEST"
      ],
      "actions": [
        {
          "CLASSNAME": "dk.dtu.compute.se.pisd.roborally.controller.ConveyorBelt",
          "INSTANCE": {
            "heading": "NORTH"
          }
        }
      ],
      "x": 1,
      "y": 1
    },
    {
      "walls": [],
      "actions": [
        {
          "CLASSNAME": "dk.dtu.compute.se.pisd.roborally.controller.ConveyorBelt",
          "INSTANCE": {
            "heading": "NORTH"
          }
        }
      ],
      "x": 1,
      "y": 2
    },
    {
      "walls": [],
      "actions": [
        {
          "CLASSNAME": "dk.dtu.compute.se.pisd.roborally.controller.ConveyorBelt",
          "INSTANCE": {
            "heading": "NORTH"
          }
        }
      ],
      "x": 1,
      "y": 3
    },
    {
      "walls": [],
      "actions": [
        {
          "CLASSNAME": "dk.dtu.compute.se.pisd.roborally.controller.ConveyorBelt",
          "INSTANCE": {
            "heading": "NORTH"
          }
        }
      ],
      "x": 1,
      "y": 4
    },
    {
      "walls": [],
      "actions": [
        {
          "CLASSNAME": "dk.dtu.compute.se.pisd.roborally.controller.ConveyorBelt",
          "INSTANCE": {
            "heading": "NORTH"
          }
        }
      ],
      "x": 1,
      "y": 5
    },
    {
      "walls": [],
      "actions": [
        {
          "CLASSNAME": "dk.dtu.compute.se.pisd.roborally.controller.ConveyorBelt",
          "INSTANCE": {
            "heading": "NORTH"
          }
        }
      ],
      "x": 1,
      "y": 6
    },
    {
      "walls": [
        "NORTH"
      ],
      "actions": [
        {
          "CLASSNAME": "dk.dtu.compute.se.pisd.roborally.controller.ConveyorBelt",
          "INSTANCE": {
            "heading": "EAST"
          }
        }
      ],
      "x": 2,
      "y": 2
    },
    {
      "walls": [
        "EAST"
      ],
      "actions": [
        {
          "CLASSNAME": "dk.dtu.compute.se.pisd.roborally.controller.ConveyorBelt",
          "INSTANCE": {
            "heading": "SOUTH"
          }
        }
      ],
      "x": 3,
      "y": 3
    },
    {
      "walls": [
        "SOUTH"
      ],
      "actions": [
        {
          "CLASSNAME": "dk.dtu.compute.se.pisd.roborally.controller.ConveyorBelt",
          "INSTANCE": {
            "heading": "WEST"
          }
        }
      ],
      "x": 4,
      "y": 4
    },
    {
      "walls": [
        "WEST"
      ],
      "actions": [
        {
          "CLASSNAME": "dk.dtu.compute.se.pisd.roborally.controller.ConveyorBelt",
          "INSTANCE": {
            "heading": "NORTH"
          }
        }
      ],
      "x": 5,
      "y": 5
    },
    {
      "walls": [
        "NORTH"
      ],
      "actions": [
        {
          "CLASSNAME": "dk.dtu.compute.se.pisd.roborally.controller.ConveyorBelt",
          "INSTANCE": {
            "heading": "EAST"
          }
        }
      ],
      "x": 6,
      "y": 6
    },
    {
      "walls": [
        "EAST"
      ],
      "actions": [
        {
          "CLASSNAME": "dk.dtu.compute.se.pisd.roborally.controller.ConveyorBelt",
          "INSTANCE": {
            "heading": "SOUTH"
          }
        }
      ],
      "x": 7,
      "y": 7
    }
  ]
}